{"count":1,"self":96.8970368,"total":97.2771532,"children":{"InitializeActuators":{"count":8,"self":0.00099209999999999988,"total":0.00099209999999999988,"children":null},"InitializeSensors":{"count":8,"self":0.0019841999999999998,"total":0.0019841999999999998,"children":null},"AgentSendState":{"count":2796,"self":0.1033978,"total":0.1158442,"children":{"CollectObservations":{"count":1120,"self":0.0019984,"total":0.0019984,"children":null},"WriteActionMask":{"count":1120,"self":0.000496,"total":0.000496,"children":null},"RequestDecision":{"count":1120,"self":0.009951999999999999,"total":0.009951999999999999,"children":null}}},"DecideAction":{"count":2796,"self":0.21413749999999998,"total":0.2186955,"children":{"RayPerceptionSensor.Perceive":{"count":1120,"self":0.0045579999999999996,"total":0.0045579999999999996,"children":null}}},"AgentAct":{"count":2796,"self":0.041608599999999996,"total":0.041608599999999996,"children":null}},"gauges":{},"metadata":{"timer_format_version":"0.1.0","start_time_seconds":"1653575913","unity_version":"2020.3.21f1","command_line_arguments":"C:\\Program Files\\Unity\\Hub\\Editor\\2020.3.21f1\\Editor\\Unity.exe -projectpath C:\/Users\/トトネル\/Desktop\/ネスパラ -useHub -hubIPC -cloudEnvironment production -hubSessionId b133d310-dcf3-11ec-849f-b54a30e869e3 -accessToken 2bOy8f1kl9DmHFQgLjoRALcmqdf0lYgLIOWuE3jQzh400ef","communication_protocol_version":"1.5.0","com.unity.ml-agents_version":"2.1.0-exp.1","scene_name":"AkaMasterScene","end_time_seconds":"1653576010"}}